A1	ACGCTCGACA
A2	AGACGCACTC
A3	AGCACTGTAG
A4	ATCAGACACG
A5	ATATCGCGAG
A6	CACGAGACAG
A7	CTCGCGTGTC
A8	TAGTATCAGC
A9	TCTCTATGCG
A10	TGATACGTCT
A11	TACTGAGCTA
A12	CATAGTAGTG
B1	CGAGAGATAC
B2	ATACGACGTA
B3	TCACGTACTA
B4	CGTCTAGTAC
B5	TCTACGTAGC
B6	CACGCGAGTC
B7	ACGACTACAG
B8	CGTAGACTAG
B9	TACGAGTATG
B10	TACTCTCGTG
B11	TAGAGACGAG
B12	TCGTCGCTCG
C1	ACATACGCGT
C2	ACGCGAGTAT
C3	ACTACTATGT
C4	ACTGTACAGT
C5	AGACTATACT
C6	AGCGTCGTCT
C7	AGTACGCTAT
C8	CACGCTACGA
C9	CACGCTACGT
C10	CAGTAGACGT
C11	CGACGTGACT
C12	CAGTCTCTAG
D1	TACACGTGAT
D2	TACAGATCGT
D3	TACGCTGTCT
D4	TAGTGTAGAT
D5	TCGATCACGT
D6	TCGCACTAGT
D7	TCTAGCGACT
D8	CACGTGTATA
D9	TGACGTATGT
D10	CACTACGATG
D11	ACAGTATATA
D12	ACGCGATCGA
E1	ACTAGCAGTA
E2	AGCTCACGTA
E3	AGTATACATA
E4	AGTCGAGAGA
E5	AGTGCTACGA
E6	CGATCGTATA
E7	CGCAGTACGA
E8	CGCGTATACA
E9	CGTACAGTCA
E10	CGTACTCAGA
E11	CTACGCTCTA
E12	CTATAGCGTA
F1	TACGTCATCA
F2	TAGTCGCATA
F3	TATATATACA
F4	TATGCTAGTA
F5	TCACGCGAGA
F6	TCGATAGTGA
F7	TCGCTGCGTA
F8	TCTGACGTCA
F9	TGAGTCAGTA
F10	CACTATACTC
F11	TGTCACACGA
F12	TGTCGTCGCA
G1	ACACATACGC
G2	ACAGTCGTGC
G3	ACATGACGAC
G4	ACGACAGCTC
G5	ACGTCTCATC
G6	ACTCATCTAC
G7	ACTCGCGCAC
G8	AGAGCGTCAC
G9	AGCGACTAGC
G10	CAGCGTACTG
G11	AGTGACACAC
G12	AGTGTATGTC
H1	ATAGATAGAC
H2	ATATAGTCGC
H3	ATCTACTGAC
H4	CACGTAGATC
H5	CACGTCTCGC
H6	CATACTCTAC
H7	CGACACTATC
H8	CGAGACGCGC
H9	CGTATGCGAC
H10	CGTCGATCTC
H11	CTACGACTGC
H12	CTAGTCACTC
