P1	ATCACG
P2	AGAGTC
P3	TTAGGC
P4	TGACCA
P5	ACAGTG
P6	GCCAAT
P7	CAGATC
P8	ACTTGA
P9	GATCAG
P10	TAGCTT
P11	GGCTAC
P12	CGCGCG
P13	AGTCAA
P14	AGTTCC
P15	ATGTCA
P16	CCGTCC
P17	TCTCTC
P18	GTCCGC
P19	GTGAAA
P20	GTGGCC
P21	GTTTCG
P22	CGTACG
P23	GAGTGG
P24	GGTAGC
P25	ACTGAT
P26	ATGAGC
P27	ATTCCT
P28	CAAAAG
P29	CAACTA
P30	CACCGG
P31	CACGAT
P32	CACTCA
P33	CAGGCG
P34	CATGGC
P35	CATTTT
P36	CCAACA
P37	CGGAAT
P38	CTAGCT
P39	CTATAC
P40	CTCAGA
P41	GACGAC
P42	TAATCG
P43	TACAGC
P44	TATAAT
P45	TCATTC
P46	TCCCGA
P47	TCGAAG
P48	TCGGCA
